genotype,min_value_x_norm,mean_value_x_norm
WT,88.18583734,151.26827614116667
GM,86.42806995,132.49421392225
